Algorithm,Mean R2 score,Standard deviation of R2 scores,Mean MSE,Standard deviation of MSE,Mean RMSE,Standard deviation of RMSE
RandomForestRegressor_raw,0.9606276003472408,5796.087809265725,588831.9182529657,5796.087809265725,767.3445664193088,3.772882151444549
RandomForestRegressor_preprocessed,0.5053217824362235,23251.16326805136,7407490.027495946,23251.16326805136,2721.6671008330663,4.26845860661658
