Algorithm,Mean R2 score,Standard deviation of R2 scores,Mean MSE,Standard deviation of MSE,Mean RMSE,Standard deviation of RMSE,Mean Training time,Standard deviation of Training time
HistGradientBoostingRegressor_preprocessed,0.6305354722796095,0.0037387945306143,5526214.477966436,49159.73337367428,2350.7668675997534,10.469582688858717,17.33525958061218,1.124434137007412
HistGradientBoostingRegressor_raw,0.9985805548445252,0.0001175574792468,21254.774227059243,1824.39620926851,145.65417140969186,6.295758732300899,38.24967966079712,3.1162177722703888
XGBoostRegressor_preprocessed,0.6318242982170105,0.003492063976298,5511587.449680013,50159.734683733855,2347.65269162958,10.690611039810063,12.337297058105468,0.1214483048490937
XGBoostRegressor_raw,0.9986376901706414,0.0001272357686477,20372.44135284205,1986.873092003633,142.5652249664073,6.899129156620192,22.68850016593933,0.2871131720529756
KNNRegressor_preprocessed,0.071225358649181,0.0023089451258807,13935984.798370346,98825.86406016264,3733.069711015472,13.241263882392234,17.62170829772949,0.7477367650455355
KNNRegressor_raw,0.4336597871664957,0.0018209832840045,8466686.531350458,64668.05427573067,2909.7358928848053,11.115979863463568,24.95559368133545,0.1714540775335432
RandomForestRegressor_raw,0.9604449052711614,0.0016992938609539,591163.453713804,24993.780294077176,768.6988495395921,16.295165857131458,82.29741530418396,0.2471366098524864
RandomForestRegressor_preprocessed,0.5049399536124283,0.005212115892697381,7409395.645858025,87983.55395053,2721.9725430240187,16.15923517316832,51.667819547653195,0.10882291070601258
